Category,Component/Element,Description,Status,Pros,Cons,Priority
Business Model,Core Tokenization Structure,ADGM-regulated platform with Lebanese SPVs holding property deeds,Created,Regulated by credible ADGM; Isolates Lebanese banking risk; Clear legal separation,Complex cross-jurisdictional structure; Requires specialized legal expertise,Critical
Business Model,6-Step Process Flow,Property onboarding → SPV creation → Custodian holding → Token issuance → Operations → Secondary market,Created,Clear investor journey; Automated income distribution; Regulated custody,Multiple handoffs increase complexity; Each step requires legal validation,Critical
Business Model,ADGM Foundation Structure,Non-profit ADGM entity as sole shareholder of Lebanese SPVs,Created,Provides stable ownership; Prevents commingling; Enables token holder governance,Adds operational complexity; Requires separate ADGM entity setup,Critical
Documentation,Legal Pathway Document,Detailed analysis of ADGM-Lebanese cross-border legal structure,Created,Comprehensive legal analysis; Identifies critical gaps; Provides next steps,Complex technical document; Requires legal expertise to implement,Critical
Documentation,Business Plan Outline,"Structured questionnaire covering market, model, financials, team",Created,Comprehensive framework; Identifies key information needed,Not yet filled out; Requires significant research and writing,Critical
Financial Model,Revised Financial Projections,"Year 1: 15 properties, $3M revenue; Year 3: 90 properties, $25M revenue",Created,Shows clear path to profitability; Attractive growth trajectory; Investable metrics,High execution risk; Aggressive assumptions; Requires perfect sales performance,Critical
Legal Framework,ADGM Regulatory Pathway,RegLab → Full license progression for token issuance and custody,Created,Credible regulatory framework; Clear licensing path; Investor protection,RegLab admission not guaranteed; High compliance costs; US persons excluded,Critical
Legal Framework,Tripartite Agreement,"Legal bridge between ADGM Foundation, Lebanese SPV, and TLB platform",Created,Creates enforceable governance link; Defines token holder rights; Establishes voting protocol,Complex multi-jurisdictional contract; Requires expert legal drafting,Critical
Legal,Investor Agreements,"Token purchase agreement, terms of service, privacy policy",Missing,Legal protection; Defines rights/obligations; Regulatory compliance,Complex drafting; Multiple jurisdictions; Legal review required,Critical
Market Analysis,Property Market Research,"Lebanese real estate market analysis, yields, legal framework",Missing,Validates underlying assets; Identifies opportunities; Risk assessment,Requires local expertise; Market volatility; Data availability,Critical
Risk Management,Compliance Framework,"KYC/AML procedures, ongoing monitoring, reporting",Missing,Regulatory requirement; Investor protection; Platform integrity,Complex implementation; Ongoing costs; Regulatory changes,Critical
Team & Operations,Core Team Structure,"Key hires, advisors, and organizational chart",Missing,Essential for investor confidence; Defines execution capability,Founder has no relevant background; Critical risk factor,Critical
Team & Operations,Advisory Board,"Industry experts, legal advisors, regulatory consultants",Missing,Adds credibility; Provides guidance; Opens networks,Requires equity compensation; Time to recruit,Critical
Technology,Platform Architecture,"Technical specifications, security measures, scalability plan",Missing,Enables development; Ensures security; Investor due diligence,Complex development; Requires technical team; Security critical,Critical
Technology,Smart Contract Specifications,"Detailed functionality for income distribution, voting, transfers",Missing,Core platform functionality; Automated operations,Requires audit; Complex logic; Security vulnerabilities,Critical
Technology,Security Audit Plan,"Smart contract audit, platform security assessment",Missing,Ensures platform security; Builds trust; Investor requirement,Audit costs; Time-consuming; May reveal vulnerabilities,Critical
Business Model,Facility Management Company (FMC),Independent Lebanese company handling property operations,Created,Eliminates Lebanese banking exposure; Professional property management; Tax compliance,Additional operational layer; Requires vetting and management oversight,High
Business Model,Token Standard (ERC-1404),Restricted security token with built-in compliance features,Created,Built-in KYC/AML restrictions; Regulatory compliant; Controlled transfers,Limited to whitelisted addresses; May reduce liquidity initially,High
Documentation,Elevator Pitch,Concise value proposition and problem-solution statement,Created,Clear messaging; Addresses key pain points; Professional presentation,Generic; Needs customization for different audiences,High
Documentation,Token-Lebnani Leaflet,4-page overview of the tokenization process and benefits,Created,Visual explanation; Step-by-step process; Clear benefits,High-level overview; Lacks technical depth; Needs investor-grade detail,High
Financial Model,Cost Structure Analysis,"Detailed breakdown of startup costs, OPEX, and personnel requirements",Created,Comprehensive cost tracking; Identifies key expense categories; Enables budget planning,High fixed costs; Heavy personnel expenses; Requires significant upfront capital,High
Financial Model,Assumptions_Y1 Tab Template,Professional template with market-based assumptions for financial modeling,Created,Provides realistic baseline; Professional presentation; Data-driven assumptions,Some assumptions may be optimistic; Requires market validation,High
Legal Framework,6% Tax Mitigation Strategy,In-kind contribution of property to SPV to reduce tax burden,Created,Potentially reduces tax from 6% to ~0.25%; Makes platform more competitive,Requires Lebanese legal opinion; Not guaranteed to be accepted by authorities,High
Legal Framework,Governing Law Split,ADGM law for platform/tokens; Lebanese law for property/SPV,Created,Appropriate jurisdiction for each component; Clear dispute resolution,Dual legal systems increase complexity; Higher legal costs,High
Marketing Strategy,Strategy 4: Ultra-Lean Founder-Led,"Minimal budget, single top-tier salesperson, founder network focus",Created,Maximum capital efficiency; Low burn rate; Extreme focus on conversion,Single point of failure; No brand building; No plan B,High
Marketing Strategy,Target Personas,"Detailed profiles: Strategic Patriarch, Pragmatic Local, Whales, Hamours, Sharks",Created,Clear audience definition; Tailored messaging; Precise targeting,Multiple personas create complexity; May dilute focus,High
Marketing Strategy,CAC/LTV Analysis,Customer acquisition cost vs lifetime value calculations,Created,Data-driven approach; Identifies profitability gaps; Enables optimization,Current LTV:CAC ratio unfavorable (0.81); Requires pricing/investment increase,High
Financial,Token Economics Model,"Token supply, distribution, utility, value accrual mechanisms",Missing,Defines token value; Investor incentives; Platform sustainability,Complex design; Regulatory considerations; Market acceptance,High
Legal,Property Due Diligence Checklist,Legal verification process for each property,Missing,Ensures clean title; Identifies risks; Standardizes process,Time-consuming; Legal costs; May disqualify properties,High
Market Analysis,Competitive Analysis,"Direct and indirect competitors, market positioning",Missing,Identifies differentiation; Market validation; Strategic positioning,Time-consuming research; May reveal market saturation,High
Market Analysis,TAM/SAM/SOM Analysis,Total/Serviceable/Obtainable market sizing,Missing,Quantifies opportunity; Investor requirement; Market validation,Requires market research; May show limited market size,High
Operations,Property Onboarding Process,"Due diligence, legal verification, SPV setup procedures",Missing,Standardizes operations; Ensures quality; Scalable process,Complex legal requirements; Time-intensive; Cost per property,High
Operations,Investor Onboarding Flow,"KYC/AML process, token purchase, dashboard access",Missing,Streamlines user experience; Ensures compliance; Professional presentation,Regulatory requirements; User friction; Technical complexity,High
Partnerships,Strategic Partnerships,"Wealth managers, real estate brokers, legal firms, tech providers",Missing,Accelerates growth; Adds credibility; Access to networks,Revenue sharing; Complex negotiations; Dependency risk,High
Risk Management,Risk Register,Comprehensive risk assessment with mitigation strategies,Missing,Identifies threats; Enables planning; Shows due diligence,May reveal significant risks; Requires ongoing monitoring,High
Marketing Strategy,Strategy 1: HNWI-Focused,Balanced approach targeting diaspora patriarchs and local professionals,Created,Comprehensive market coverage; Professional channels; Balanced tactics,High CAC; Budget spread too thin; Low conversion rates,Medium
Marketing Strategy,Strategy 2: Fresh Beast Intelligence,"Data-driven precision strike targeting whales, hamours, and sharks",Created,Highly targeted; Innovative intelligence hub; Quality over quantity,Complex to implement; High upfront costs; Requires specialized expertise,Medium
Marketing Strategy,Strategy 3: Concierge Model,Relationship-first approach leveraging founder network with A-player partner,Created,Maximum trust via warm intros; High conversion rates; Focused approach,High cash burn; Dependent on A-player; Significant overhead,Medium
Financial,Secondary Market Strategy,"Exchange partnerships, liquidity providers, market making",Missing,Provides exit strategy; Increases token value; Platform differentiation,Regulatory complexity; Liquidity challenges; Exchange costs,Medium
Marketing,Brand Identity & Guidelines,"Logo, visual identity, messaging, tone of voice",Missing,Professional presentation; Brand recognition; Trust building,Design costs; Time to develop; Requires consistency,Medium
Marketing,Content Strategy,"Educational content, thought leadership, investor resources",Missing,Builds authority; Educates market; SEO benefits,Time-intensive; Requires expertise; Slow ROI,Medium
